sample,region
srp_SRS074995,mouth
srp_SRS140767,mouth
srp_SRS078637,mouth
smp_SRS018216,mouth
smp_SRS046051,mouth
smp_SRS021439,mouth
srp_SRS146495,mouth
smp_SRS011492,mouth
smp_SRS047653,mouth
smp_SRS023985,mouth
srp_SRS147414,mouth
smp_SRS021982,mouth
smp_SRS065429,mouth
smp_SRS050234,mouth
srp_SRS149564,mouth
srp_SRS149796,mouth
srp_SRS100447,mouth
smp_SRS013462,mouth
srp_SRS065004,mouth
srp_SRS100711,mouth
srp_SRS062511,mouth
smp_SRS023809,mouth
srp_SRS142850,mouth
srp_SRS098262,mouth
smp_SRS017833,mouth
smp_SRS018214,mouth
srp_SRS143030,mouth
smp_SRS064959,mouth
srp_SRS148654,mouth
srp_SRS077296,mouth
smp_SRS024698,mouth
smp_SRS017351,mouth
smp_SRS013664,mouth
smp_SRS013234,mouth
smp_SRS021320,mouth
srp_SRS104242,mouth
smp_SRS053409,mouth
srp_SRS103030,mouth
srp_SRS141209,mouth
smp_SRS017086,mouth
smp_SRS011462,mouth
srp_SRS145218,mouth
smp_SRS018948,mouth
srp_SRS077278,mouth
smp_SRS023571,mouth
srp_SRS144518,mouth
smp_SRS020551,mouth
smp_SRS044803,mouth
smp_SRS017136,mouth
srp_SRS100540,mouth
srp_SRS148995,mouth
smp_SRS057813,mouth
smp_SRS062600,mouth
srp_SRS144328,mouth
srp_SRS143616,mouth
smp_SRS047139,mouth
smp_SRS021447,mouth
srp_SRS148602,mouth
srp_SRS142467,mouth
smp_SRS016604,mouth
smp_SRS018501,mouth
smp_SRS047650,mouth
smp_SRS053783,mouth
smp_SRS048669,mouth
smp_SRS022047,mouth
srp_SRS147463,mouth
srp_SRS078844,mouth
srp_SRS104025,mouth
srp_SRS101869,mouth
smp_SRS046956,mouth
smp_SRS055625,mouth
srp_SRS148290,mouth
smp_SRS015125,mouth
srp_SRS149158,mouth
srp_SRS078458,mouth
srp_SRS142688,mouth
srp_SRS101863,mouth
srp_SRS078350,mouth
srp_SRS105149,mouth
smp_SRS064983,mouth
srp_SRS146702,mouth
srp_SRS148710,mouth
srp_SRS098093,mouth
smp_SRS016014,mouth
smp_SRS017469,mouth
srp_SRS144468,mouth
smp_SRS048439,mouth
smp_SRS014597,mouth
srp_SRS077894,mouth
smp_SRS013246,mouth
smp_SRS021559,mouth
smp_SRS015027,mouth
smp_SRS013195,mouth
srp_SRS078713,mouth
srp_SRS142967,mouth
srp_SRS143665,mouth
srp_SRS146996,mouth
srp_SRS149925,mouth
srp_SRS145280,mouth
smp_SRS053216,mouth
smp_SRS050258,mouth
smp_SRS021324,mouth
srp_SRS104021,mouth
smp_SRS044830,mouth
srp_SRS063472,mouth
smp_SRS063965,mouth
smp_SRS022119,mouth
smp_SRS062655,mouth
srp_SRS017543,mouth
smp_SRS021009,mouth
smp_SRS043044,mouth
srp_SRS078834,mouth
smp_SRS043642,mouth
srp_SRS103016,mouth
srp_SRS143062,mouth
srp_SRS147151,mouth
srp_SRS079190,mouth
smp_SRS011371,mouth
srp_SRS100058,mouth
smp_SRS048544,mouth
smp_SRS022691,mouth
smp_SRS015876,mouth
smp_SRS015574,mouth
srp_SRS103503,mouth
srp_SRS148696,mouth
srp_SRS100861,mouth
srp_SRS105102,mouth
smp_SRS044177,mouth
srp_SRS147300,mouth
smp_SRS058543,mouth
smp_SRS021812,mouth
srp_SRS079136,mouth
srp_SRS149800,mouth
smp_SRS020184,mouth
srp_SRS098306,mouth
smp_SRS013460,mouth
srp_SRS104017,mouth
smp_SRS021682,mouth
srp_SRS142572,mouth
smp_SRS046514,mouth
smp_SRS049168,mouth
smp_SRS022812,mouth
srp_SRS063346,mouth
srp_SRS077774,mouth
srp_SRS100723,mouth
srp_SRS075734,mouth
smp_SRS020135,mouth
srp_SRS143541,mouth
smp_SRS023746,mouth
srp_SRS146653,mouth
srp_SRS062924,mouth
smp_SRS042606,mouth
srp_SRS144022,mouth
smp_SRS021984,mouth
srp_SRS062664,mouth
smp_SRS062811,mouth
smp_SRS064240,mouth
smp_SRS065151,mouth
smp_SRS052746,mouth
srp_SRS143972,mouth
smp_SRS017026,mouth
smp_SRS053477,mouth
srp_SRS104165,mouth
srp_SRS019357,mouth
smp_SRS021445,mouth
srp_SRS104633,mouth
srp_SRS103022,mouth
smp_SRS016127,mouth
srp_SRS149961,mouth
smp_SRS014552,mouth
smp_SRS014871,mouth
smp_SRS055124,mouth
srp_SRS103861,mouth
srp_SRS103034,mouth
smp_SRS022504,mouth
smp_SRS051645,mouth
smp_SRS016416,mouth
smp_SRS016449,mouth
smp_SRS013203,mouth
srp_SRS074811,mouth
srp_SRS098565,mouth
smp_SRS016765,mouth
srp_SRS105100,mouth
smp_SRS016060,mouth
smp_SRS064707,mouth
smp_SRS013252,mouth
srp_SRS144158,mouth
smp_SRS049521,mouth
srp_SRS103871,mouth
srp_SRS145345,mouth
smp_SRS024651,mouth
smp_SRS043112,mouth
smp_SRS020608,mouth
smp_SRS062803,mouth
srp_SRS077276,mouth
srp_SRS098003,mouth
srp_SRS064679,mouth
srp_SRS074997,mouth
srp_SRS100949,mouth
smp_SRS013498,mouth
smp_SRS052128,mouth
srp_SRS098500,mouth
srp_SRS078020,mouth
smp_SRS044593,mouth
srp_SRS149361,mouth
srp_SRS075123,mouth
smp_SRS017886,mouth
srp_SRS143669,mouth
smp_SRS052010,mouth
smp_SRS048716,mouth
smp_SRS017898,mouth
smp_SRS058627,mouth
smp_SRS020437,mouth
smp_SRS057949,mouth
smp_SRS055879,mouth
smp_SRS019783,mouth
srp_SRS143915,mouth
smp_SRS016533,mouth
srp_SRS102620,mouth
smp_SRS018388,mouth
srp_SRS144072,mouth
srp_SRS148843,mouth
smp_SRS016129,mouth
srp_SRS105145,mouth
srp_SRS078569,mouth
smp_SRS053246,mouth
srp_SRS142582,mouth
srp_SRS140893,mouth
srp_SRS144960,mouth
smp_SRS057069,mouth
smp_SRS018597,mouth
smp_SRS065223,mouth
srp_SRS075001,mouth
srp_SRS098673,mouth
srp_SRS144516,mouth
smp_SRS015669,mouth
srp_SRS149975,mouth
srp_SRS077464,mouth
smp_SRS052469,mouth
smp_SRS022233,mouth
srp_SRS018948,mouth
srp_SRS017023,mouth
srp_SRS149365,mouth
srp_SRS146908,mouth
srp_SRS148999,mouth
srp_SRS074627,mouth
smp_SRS052681,mouth
smp_SRS017665,mouth
smp_SRS063551,mouth
smp_SRS044788,mouth
srp_SRS074709,mouth
srp_SRS098567,mouth
srp_SRS145735,mouth
smp_SRS024277,mouth
srp_SRS148228,mouth
srp_SRS150177,mouth
smp_SRS021496,mouth
smp_SRS011571,mouth
srp_SRS148432,mouth
smp_SRS019568,mouth
smp_SRS016160,mouth
srp_SRS018335,mouth
srp_SRS077050,mouth
srp_SRS150071,mouth
smp_SRS024044,mouth
srp_SRS062765,mouth
srp_SRS104390,mouth
srp_SRS148911,mouth
smp_SRS063184,mouth
srp_SRS102830,mouth
srp_SRS144726,mouth
srp_SRS075376,mouth
smp_SRS013255,mouth
srp_SRS145469,mouth
smp_SRS020714,mouth
smp_SRS049266,mouth
smp_SRS024470,mouth
smp_SRS015878,mouth
srp_SRS102963,mouth
srp_SRS147056,mouth
smp_SRS018999,mouth
smp_SRS011427,mouth
srp_SRS018449,mouth
smp_SRS045858,mouth
smp_SRS021451,mouth
smp_SRS062851,mouth
smp_SRS065224,mouth
smp_SRS014762,mouth
smp_SRS064483,mouth
srp_SRS147976,mouth
srp_SRS075898,mouth
srp_SRS143257,mouth
smp_SRS021563,mouth
smp_SRS021255,mouth
smp_SRS046281,mouth
smp_SRS016874,mouth
smp_SRS020014,mouth
smp_SRS021740,mouth
smp_SRS020938,mouth
smp_SRS055847,mouth
srp_SRS103975,mouth
smp_SRS016761,mouth
smp_SRS063287,mouth
smp_SRS016666,mouth
smp_SRS020606,mouth
smp_SRS056511,mouth
smp_SRS022436,mouth
smp_SRS063888,mouth
srp_SRS102684,mouth
srp_SRS145024,mouth
smp_SRS048998,mouth
smp_SRS024531,mouth
smp_SRS011470,mouth
srp_SRS077149,mouth
srp_SRS075231,mouth
smp_SRS015716,mouth
smp_SRS055003,mouth
srp_SRS105098,mouth
srp_SRS148486,mouth
srp_SRS098778,mouth
smp_SRS054465,mouth
srp_SRS149302,mouth
smp_SRS016928,mouth
smp_SRS020484,mouth
smp_SRS054998,mouth
srp_SRS077514,mouth
smp_SRS023381,mouth
srp_SRS047816,mouth
smp_SRS044938,mouth
srp_SRS144112,mouth
smp_SRS022948,mouth
smp_SRS045466,mouth
smp_SRS021089,mouth
srp_SRS148901,mouth
srp_SRS075241,mouth
smp_SRS021627,mouth
smp_SRS016600,mouth
srp_SRS140911,mouth
srp_SRS098290,mouth
srp_SRS103764,mouth
srp_SRS017786,mouth
srp_SRS144954,mouth
srp_SRS079124,mouth
smp_SRS057569,mouth
srp_SRS148434,mouth
smp_SRS014873,mouth
smp_SRS015033,mouth
smp_SRS018439,mouth
srp_SRS146003,mouth
smp_SRS022049,mouth
smp_SRS064327,mouth
srp_SRS142838,mouth
srp_SRS078753,mouth
srp_SRS098399,mouth
smp_SRS047260,mouth
smp_SRS049113,mouth
smp_SRS048242,mouth
smp_SRS055927,mouth
smp_SRS020706,mouth
smp_SRS053096,mouth
srp_SRS143874,mouth
srp_SRS149500,mouth
smp_SRS016932,mouth
srp_SRS142969,mouth
srp_SRS075111,mouth
srp_SRS098675,mouth
srp_SRS102832,mouth
srp_SRS147510,mouth
smp_SRS018151,mouth
srp_SRS103659,mouth
smp_SRS022362,mouth
srp_SRS077260,mouth
smp_SRS015407,mouth
srp_SRS078641,mouth
srp_SRS099952,mouth
smp_SRS045945,mouth
smp_SRS052762,mouth
srp_SRS104842,mouth
srp_SRS077508,mouth
srp_SRS142910,mouth
srp_SRS018946,mouth
srp_SRS078757,mouth
smp_SRS024408,mouth
srp_SRS077353,mouth
smp_SRS063078,mouth
srp_SRS148706,mouth
srp_SRS104339,mouth
srp_SRS143200,mouth
smp_SRS023625,mouth
smp_SRS024410,mouth
smp_SRS013516,mouth
srp_SRS142621,mouth
smp_SRS021617,mouth
srp_SRS098407,mouth
srp_SRS078346,mouth
smp_SRS017784,mouth
smp_SRS055161,mouth
srp_SRS142627,mouth
srp_SRS147790,mouth
smp_SRS020833,mouth
smp_SRS044266,mouth
srp_SRS147102,mouth
srp_SRS101859,mouth
smp_SRS016773,mouth
srp_SRS077357,mouth
smp_SRS051454,mouth
srp_SRS142750,mouth
srp_SRS140765,mouth
smp_SRS018751,mouth
smp_SRS016543,mouth
smp_SRS044901,mouth
smp_SRS020253,mouth
srp_SRS104947,mouth
smp_SRS043219,mouth
smp_SRS042659,mouth
srp_SRS149705,mouth
smp_SRS049893,mouth
smp_SRS023013,mouth
srp_SRS144789,mouth
smp_SRS020241,mouth
smp_SRS021380,mouth
srp_SRS144068,mouth
smp_SRS017543,mouth
smp_SRS016724,mouth
srp_SRS143437,mouth
srp_SRS104993,mouth
smp_SRS017142,mouth
srp_SRS105050,mouth
smp_SRS023254,mouth
smp_SRS065507,mouth
smp_SRS011563,mouth
srp_SRS146861,mouth
smp_SRS014865,mouth
smp_SRS024345,mouth
srp_SRS098097,mouth
smp_SRS063449,mouth
smp_SRS015884,mouth
smp_SRS021083,mouth
srp_SRS077661,mouth
smp_SRS018258,mouth
smp_SRS022627,mouth
smp_SRS017957,mouth
smp_SRS048653,mouth
smp_SRS017537,mouth
smp_SRS015305,mouth
smp_SRS045214,mouth
smp_SRS014599,mouth
srp_SRS103024,mouth
srp_SRS098298,mouth
srp_SRS077266,mouth
srp_SRS105147,mouth
srp_SRS103867,mouth
smp_SRS015309,mouth
smp_SRS016227,mouth
srp_SRS098681,mouth
srp_SRS104621,mouth
srp_SRS149204,mouth
smp_SRS044978,mouth
smp_SRS011565,mouth
smp_SRS015720,mouth
smp_SRS016420,mouth
smp_SRS049958,mouth
smp_SRS017835,mouth
srp_SRS146954,mouth
srp_SRS103614,mouth
srp_SRS145625,mouth
srp_SRS146559,mouth
srp_SRS098774,mouth
smp_SRS021992,mouth
srp_SRS078460,mouth
smp_SRS063776,mouth
srp_SRS104287,mouth
srp_SRS149363,mouth
smp_SRS062514,mouth
smp_SRS049738,mouth
smp_SRS022041,mouth
srp_SRS024287,mouth
smp_SRS015241,mouth
smp_SRS017002,mouth
srp_SRS148391,mouth
srp_SRS056058,mouth
srp_SRS141445,mouth
smp_SRS049196,mouth
srp_SRS078342,mouth
srp_SRS149413,mouth
smp_SRS057589,mouth
smp_SRS015031,mouth
smp_SRS023563,mouth
smp_SRS019361,mouth
srp_SRS077766,mouth
srp_SRS104748,mouth
srp_SRS078288,mouth
smp_SRS022167,mouth
smp_SRS018084,mouth
srp_SRS143846,mouth
smp_SRS023514,mouth
smp_SRS022380,mouth
srp_SRS142473,mouth
srp_SRS141151,mouth
srp_SRS105096,mouth
smp_SRS052157,mouth
smp_SRS054796,mouth
srp_SRS103819,mouth
smp_SRS054821,mouth
srp_SRS149264,mouth
smp_SRS064934,mouth
smp_SRS016358,mouth
smp_SRS024046,mouth
smp_SRS022806,mouth
smp_SRS017649,mouth
srp_SRS098005,mouth
smp_SRS017890,mouth
smp_SRS014821,mouth
srp_SRS077659,mouth
smp_SRS013831,mouth
srp_SRS146257,mouth
srp_SRS148329,mouth
smp_SRS015629,mouth
smp_SRS023760,mouth
srp_SRS102210,mouth
smp_SRS058791,mouth
smp_SRS046376,mouth
srp_SRS101631,mouth
smp_SRS019789,mouth
smp_SRS058474,mouth
smp_SRS065568,mouth
smp_SRS020376,mouth
srp_SRS018848,mouth
smp_SRS017011,mouth
smp_SRS062800,mouth
smp_SRS048393,mouth
smp_SRS013723,mouth
smp_SRS045519,mouth
srp_SRS097927,mouth
srp_SRS144382,mouth
srp_SRS104386,mouth
srp_SRS143154,mouth
srp_SRS019526,mouth
srp_SRS146371,mouth
srp_SRS147804,mouth
smp_SRS017230,mouth
smp_SRS064182,mouth
smp_SRS024343,mouth
smp_SRS021750,mouth
srp_SRS074807,mouth
smp_SRS023805,mouth
srp_SRS078280,mouth
srp_SRS078912,mouth
smp_SRS014661,mouth
smp_SRS044395,mouth
srp_SRS075554,mouth
srp_SRS144672,mouth
smp_SRS015980,mouth
srp_SRS145030,mouth
smp_SRS022677,mouth
smp_SRS063859,mouth
srp_SRS104939,mouth
smp_SRS018145,mouth
srp_SRS101290,mouth
srp_SRS098342,mouth
srp_SRS142744,mouth
smp_SRS020429,mouth
srp_SRS077349,mouth
smp_SRS063549,mouth
smp_SRS056219,mouth
smp_SRS019574,mouth
smp_SRS024527,mouth
srp_SRS148282,mouth
srp_SRS103028,mouth
srp_SRS016539,mouth
smp_SRS018337,mouth
srp_SRS144662,mouth
srp_SRS147008,mouth
srp_SRS018392,mouth
srp_SRS018908,mouth
smp_SRS011665,mouth
srp_SRS104744,mouth
smp_SRS063766,mouth
smp_SRS023506,mouth
smp_SRS062536,mouth
srp_SRS149471,mouth
smp_SRS043542,mouth
smp_SRS014807,mouth
smp_SRS046542,mouth
srp_SRS150183,mouth
smp_SRS063636,mouth
smp_SRS058527,mouth
srp_SRS100056,mouth
srp_SRS149921,mouth
smp_SRS020553,mouth
smp_SRS011458,mouth
smp_SRS018441,mouth
smp_SRS043034,mouth
smp_SRS064733,mouth
smp_SRS015625,mouth
smp_SRS015178,mouth
smp_SRS043149,mouth
smp_SRS024647,mouth
srp_SRS145212,mouth
srp_SRS145401,mouth
smp_SRS020470,stool
srp_SRS077486,stool
srp_SRS101613,stool
srp_SRS102186,stool
srp_SRS075215,stool
smp_SRS057447,stool
smp_SRS018655,stool
smp_SRS044146,stool
smp_SRS013543,stool
smp_SRS018733,stool
smp_SRS042628,stool
srp_SRS079112,stool
srp_SRS146812,stool
srp_SRS148642,stool
srp_SRS146053,stool
smp_SRS024454,stool
srp_SRS078330,stool
smp_SRS016018,stool
srp_SRS074605,stool
smp_SRS013687,stool
smp_SRS055697,stool
srp_SRS105153,stool
smp_SRS015815,stool
srp_SRS098644,stool
srp_SRS098443,stool
smp_SRS063961,stool
srp_SRS145519,stool
srp_SRS149483,stool
smp_SRS019990,stool
smp_SRS049428,stool
smp_SRS017641,stool
smp_SRS022798,stool
smp_SRS056505,stool
smp_SRS047967,stool
smp_SRS015518,stool
srp_SRS140815,stool
smp_SRS048299,stool
srp_SRS101253,stool
smp_SRS018313,stool
srp_SRS075908,stool
smp_SRS014999,stool
srp_SRS146926,stool
srp_SRS104824,stool
smp_SRS015452,stool
srp_SRS149651,stool
smp_SRS062847,stool
srp_SRS098571,stool
smp_SRS063918,stool
smp_SRS022669,stool
smp_SRS055482,stool
smp_SRS020413,stool
srp_SRS102282,stool
smp_SRS018068,stool
smp_SRS048853,stool
srp_SRS148588,stool
smp_SRS020350,stool
srp_SRS103008,stool
srp_SRS098272,stool
smp_SRS018712,stool
srp_SRS146347,stool
smp_SRS022480,stool
srp_SRS148270,stool
smp_SRS064557,stool
smp_SRS016152,stool
smp_SRS057267,stool
smp_SRS019089,stool
smp_SRS023047,stool
srp_SRS146944,stool
srp_SRS079022,stool
srp_SRS148462,stool
srp_SRS045321,stool
srp_SRS104104,stool
smp_SRS015854,stool
srp_SRS101974,stool
srp_SRS075746,stool
smp_SRS024094,stool
smp_SRS063807,stool
srp_SRS103598,stool
smp_SRS011621,stool
srp_SRS150051,stool
smp_SRS045526,stool
srp_SRS101851,stool
srp_SRS145194,stool
srp_SRS144410,stool
smp_SRS058770,stool
smp_SRS054461,stool
smp_SRS011653,stool
smp_SRS063985,stool
srp_SRS077248,stool
smp_SRS019846,stool
srp_SRS144940,stool
smp_SRS050599,stool
smp_SRS015332,stool
smp_SRS013762,stool
srp_SRS098827,stool
smp_SRS015724,stool
srp_SRS143373,stool
srp_SRS099932,stool
srp_SRS144314,stool
smp_SRS056656,stool
srp_SRS074983,stool
srp_SRS142505,stool
smp_SRS044415,stool
smp_SRS056620,stool
smp_SRS063921,stool
smp_SRS024265,stool
srp_SRS143780,stool
smp_SRS042436,stool
srp_SRS147595,stool
srp_SRS105028,stool
srp_SRS148816,stool
srp_SRS076824,stool
smp_SRS046313,stool
smp_SRS046349,stool
srp_SRS102465,stool
smp_SRS017266,stool
srp_SRS147346,stool
srp_SRS145327,stool
smp_SRS044088,stool
smp_SRS013177,stool
srp_SRS144152,stool
srp_SRS149576,stool
smp_SRS042703,stool
smp_SRS045493,stool
smp_SRS023605,stool
srp_SRS144554,stool
srp_SRS019534,stool
srp_SRS065486,stool
srp_SRS077671,stool
srp_SRS075158,stool
srp_SRS098103,stool
smp_SRS063797,stool
srp_SRS150165,stool
srp_SRS144203,stool
smp_SRS020811,stool
srp_SRS104929,stool
srp_SRS149198,stool
smp_SRS057901,stool
srp_SRS148074,stool
smp_SRS043769,stool
smp_SRS017103,stool
srp_SRS140885,stool
smp_SRS065500,stool
srp_SRS077612,stool
srp_SRS098312,stool
srp_SRS098685,stool
smp_SRS016841,stool
srp_SRS146833,stool
smp_SRS045350,stool
smp_SRS022414,stool
smp_SRS049982,stool
smp_SRS045910,stool
srp_SRS149345,stool
smp_SRS023851,stool
srp_SRS018872,stool
smp_SRS024625,stool
smp_SRS016753,stool
smp_SRS021853,stool
smp_SRS054608,stool
srp_SRS102034,stool
smp_SRS020233,stool
smp_SRS017307,stool
smp_SRS053525,stool
smp_SRS051609,stool
srp_SRS143269,stool
srp_SRS146479,stool
srp_SRS145851,stool
srp_SRS105007,stool
srp_SRS078438,stool
srp_SRS103841,stool
smp_SRS045877,stool
srp_SRS144056,stool
smp_SRS019685,stool
smp_SRS011452,stool
srp_SRS143561,stool
srp_SRS098749,stool
smp_SRS043701,stool
smp_SRS022987,stool
srp_SRS074799,stool
srp_SRS147652,stool
srp_SRS143102,stool
smp_SRS013638,stool
srp_SRS148531,stool
smp_SRS017521,stool
srp_SRS098062,stool
srp_SRS144104,stool
srp_SRS065323,stool
smp_SRS056259,stool
srp_SRS104713,stool
smp_SRS042415,stool
srp_SRS143180,stool
srp_SRS146716,stool
smp_SRS021601,stool
smp_SRS022033,stool
smp_SRS022924,stool
smp_SRS020527,stool
smp_SRS021109,stool
smp_SRS016056,stool
smp_SRS063898,stool
smp_SRS022546,stool
srp_SRS145387,stool
srp_SRS100370,stool
srp_SRS147088,stool
smp_SRS016400,stool
smp_SRS019267,stool
smp_SRS042803,stool
srp_SRS141197,stool
srp_SRS103752,stool
srp_SRS098514,stool
smp_SRS023791,stool
smp_SRS015133,stool
smp_SRS023422,stool
srp_SRS142619,stool
srp_SRS077365,stool
smp_SRS021724,stool
smp_SRS020755,stool
srp_SRS144506,stool
smp_SRS024331,stool
srp_SRS142562,stool
smp_SRS050422,stool
smp_SRS055665,stool
srp_SRS149765,stool
smp_SRS018370,stool
smp_SRS020584,stool
smp_SRS048083,stool
srp_SRS148108,stool
srp_SRS149095,stool
srp_SRS097975,stool
smp_SRS015578,stool
smp_SRS064233,stool
smp_SRS042290,stool
smp_SRS011415,stool
srp_SRS100280,stool
srp_SRS077054,stool
srp_SRS102768,stool
smp_SRS062610,stool
smp_SRS018872,stool
srp_SRS143818,stool
smp_SRS021364,stool
srp_SRS148690,stool
srp_SRS147919,stool
srp_SRS143504,stool
smp_SRS051086,stool
srp_SRS077157,stool
srp_SRS148939,stool
srp_SRS019381,stool
smp_SRS049949,stool
smp_SRS017935,stool
srp_SRS078132,stool
srp_SRS102401,stool
smp_SRS020869,stool
srp_SRS144698,stool
smp_SRS013490,stool
srp_SRS147445,stool
srp_SRS102672,stool
smp_SRS018920,stool
smp_SRS014572,stool
srp_SRS146413,stool
smp_SRS049748,stool
srp_SRS075963,stool
smp_SRS018489,stool
smp_SRS013216,stool
smp_SRS042669,stool
srp_SRS079244,stool
srp_SRS150023,stool
smp_SRS020926,stool
smp_SRS022609,stool
srp_SRS077422,stool
srp_SRS147223,stool
srp_SRS144641,stool
srp_SRS018920,stool
srp_SRS078822,stool
smp_SRS052555,stool
srp_SRS075538,stool
smp_SRS050374,stool
srp_SRS148480,stool
smp_SRS023971,stool
smp_SRS063608,stool
smp_SRS043804,stool
srp_SRS018655,stool
smp_SRS063827,stool
srp_SRS104197,stool
smp_SRS014345,stool
smp_SRS014659,stool
srp_SRS075851,stool
srp_SRS098224,stool
smp_SRS020698,stool
srp_SRS143639,stool
srp_SRS148357,stool
smp_SRS023671,stool
smp_SRS048819,stool
smp_SRS065421,stool
smp_SRS018607,stool
smp_SRS023302,stool
srp_SRS147022,stool
srp_SRS144296,stool
srp_SRS079316,stool
srp_SRS078498,stool
smp_SRS021427,stool
srp_SRS141497,stool
srp_SRS144488,stool
smp_SRS051031,stool
srp_SRS100040,stool
srp_SRS147673,stool
srp_SRS142874,stool
smp_SRS020176,stool
smp_SRS023176,stool
smp_SRS017997,stool
smp_SRS014823,stool
smp_SRS024028,stool
srp_SRS142503,stool
smp_SRS020641,stool
smp_SRS049959,stool
smp_SRS015247,stool
smp_SRS047561,stool
srp_SRS076929,stool
smp_SRS065263,stool
smp_SRS046216,stool
smp_SRS015389,stool
smp_SRS011300,stool
smp_SRS055727,stool
srp_SRS064848,stool
srp_SRS146764,stool
smp_SRS012191,stool
srp_SRS102951,stool
srp_SRS098156,stool
srp_SRS077324,stool
smp_SRS042387,stool
srp_SRS104656,stool
smp_SRS045627,stool
smp_SRS016203,stool
smp_SRS054928,stool
smp_SRS021175,stool
srp_SRS075800,stool
smp_SRS022093,stool
smp_SRS065628,stool
smp_SRS046341,stool
smp_SRS048838,stool
srp_SRS078008,stool
smp_SRS015663,stool
smp_SRS055137,stool
smp_SRS022735,stool
srp_SRS149038,stool
smp_SRS014978,stool
smp_SRS048008,stool
srp_SRS143723,stool
smp_SRS017191,stool
smp_SRS024388,stool
srp_SRS142712,stool
smp_SRS021910,stool
smp_SRS043411,stool
srp_SRS074689,stool
srp_SRS018968,stool
srp_SRS143000,stool
srp_SRS143933,stool
smp_SRS015599,stool
smp_SRS023242,stool
smp_SRS053956,stool
srp_SRS098806,stool
smp_SRS063138,stool
srp_SRS075360,stool
srp_SRS147766,stool
smp_SRS015281,stool
smp_SRS017455,stool
smp_SRS021541,stool
smp_SRS020983,stool
smp_SRS063324,stool
smp_SRS021065,stool
smp_SRS058416,stool
srp_SRS103669,stool
smp_SRS065665,stool
srp_SRS147394,stool
smp_SRS050141,stool
smp_SRS024151,stool
srp_SRS149907,stool
smp_SRS016517,stool
smp_SRS011405,stool
srp_SRS078687,stool
srp_SRS100214,stool
smp_SRS018250,stool
smp_SRS049620,stool
srp_SRS149405,stool
srp_SRS076008,stool
smp_SRS019013,stool
smp_SRS017821,stool
smp_SRS018427,stool
smp_SRS064008,stool
smp_SRS057676,stool
srp_SRS100433,stool
smp_SRS063214,stool
smp_SRS016267,stool
smp_SRS055934,stool
srp_SRS077813,stool
smp_SRS016335,stool
srp_SRS149840,stool
srp_SRS077003,stool
smp_SRS016916,stool
smp_SRS017878,stool
srp_SRS148891,stool
smp_SRS047642,stool
srp_SRS104053,stool
smp_SRS043299,stool
srp_SRS102606,stool
smp_SRS011157,stool
smp_SRS054590,stool
srp_SRS104485,stool
smp_SRS024682,stool
srp_SRS103507,stool
smp_SRS019582,stool
srp_SRS064594,stool
srp_SRS142730,stool
smp_SRS017394,stool
srp_SRS079178,stool
smp_SRS023545,stool
smp_SRS063968,stool
smp_SRS021970,stool
smp_SRS016990,stool
srp_SRS147139,stool
srp_SRS077868,stool
srp_SRS100835,stool
smp_SRS021241,stool
smp_SRS064647,stool
smp_SRS049157,stool
smp_SRS011529,stool
srp_SRS147292,stool
srp_SRS147940,stool
srp_SRS078886,stool
smp_SRS011413,stool
smp_SRS018133,stool
smp_SRS048722,stool
srp_SRS143990,stool
srp_SRS077118,stool
srp_SRS078264,stool
srp_SRS063315,stool
srp_SRS102126,stool
srp_SRS100765,stool
smp_SRS018817,stool
smp_SRS051892,stool
smp_SRS023914,stool
smp_SRS057258,stool
srp_SRS143342,stool
smp_SRS023365,stool
smp_SRS052697,stool
smp_SRS016954,stool
srp_SRS100929,stool
smp_SRS024511,stool
srp_SRS075097,stool
smp_SRS021790,stool
smp_SRS049911,stool
srp_SRS146233,stool
srp_SRS078561,stool
smp_SRS064276,stool
smp_SRS063524,stool
smp_SRS022858,stool
smp_SRS017764,stool
srp_SRS104359,stool
srp_SRS145453,stool
srp_SRS147862,stool
srp_SRS146635,stool
srp_SRS076773,stool
srp_SRS149276,stool
smp_SRS016630,stool
smp_SRS021484,stool
smp_SRS049823,stool
smp_SRS065466,stool
srp_SRS144775,stool
smp_SRS054488,stool
srp_SRS145006,stool
srp_SRS077194,stool
smp_SRS015911,stool
smp_SRS019381,stool
srp_SRS149180,stool
smp_SRS018559,stool
smp_SRS011586,stool
smp_SRS020119,stool
smp_SRS022225,stool
srp_SRS078621,stool
srp_SRS100532,stool
smp_SRS042572,stool
srp_SRS149955,stool
smp_SRS014287,stool
smp_SRS052433,stool
smp_SRS017701,stool
srp_SRS104770,stool
srp_SRS104444,stool
smp_SRS055563,stool
smp_SRS018190,stool
smp_SRS063068,stool
srp_SRS104005,stool
srp_SRS148837,stool
smp_SRS062464,stool
smp_SRS021304,stool
srp_SRS147784,stool
smp_SRS056255,stool
smp_SRS011271,stool
smp_SRS019910,stool
smp_SRS019787,stool
srp_SRS141131,stool
smp_SRS064321,stool
srp_SRS101911,stool
smp_SRS052471,stool
srp_SRS140496,stool
smp_SRS045607,stool
smp_SRS045613,stool
smp_SRS019534,stool
srp_SRS143876,stool
smp_SRS052196,stool
smp_SRS042843,stool
srp_SRS076908,stool
srp_SRS100699,stool
srp_SRS098368,stool
smp_SRS024208,stool
srp_SRS145603,stool
srp_SRS144362,stool
smp_SRS046382,stool
smp_SRS016437,stool
srp_SRS143417,stool
srp_SRS077552,stool
srp_SRS143198,stool
srp_SRS100124,stool
smp_SRS053301,stool
srp_SRS147040,stool
smp_SRS015960,stool
smp_SRS022354,stool
smp_SRS024568,stool
srp_SRS141263,stool
srp_SRS144008,stool
srp_SRS146545,stool
smp_SRS015782,stool
srp_SRS018712,stool
srp_SRS097947,stool
srp_SRS077752,stool
smp_SRS047950,stool
smp_SRS057122,stool
srp_SRS141431,stool
smp_SRS014442,stool
srp_SRS142922,stool
smp_SRS018968,stool
smp_SRS023106,stool
smp_SRS042365,stool
smp_SRS015190,stool
smp_SRS023488,stool
smp_SRS014613,stool
smp_SRS014369,stool
smp_SRS022291,stool
srp_SRS098881,stool
smp_SRS022159,stool
srp_SRS140749,stool
smp_SRS053335,stool
srp_SRS104311,stool
srp_SRS142943,stool
srp_SRS141065,stool
srp_SRS103839,stool
srp_SRS147538,stool
srp_SRS104218,stool
smp_SRS020290,stool
srp_SRS145260,stool
smp_SRS049164,stool
smp_SRS013801,stool
srp_SRS105082,stool
smp_SRS023734,stool
srp_SRS143070,stool
smp_SRS018076,stool
srp_SRS145785,stool
smp_SRS014885,stool
smp_SRS016095,stool
smp_SRS050733,stool
srp_SRS149294,stool
srp_SRS098409,stool
smp_SRS014923,stool
srp_SRS148738,stool
smp_SRS063307,stool
smp_SRS046639,stool
smp_SRS052326,stool
smp_SRS064335,stool
srp_SRS064525,stool
srp_SRS147997,stool
srp_SRS104400,stool
srp_SRS103987,stool
smp_SRS063275,stool
smp_SRS048870,stool
smp_SRS045414,stool
srp_SRS147271,stool
smp_SRS014235,stool
smp_SRS049766,stool
srp_SRS103564,stool
smp_SRS013386,stool
srp_SRS148216,stool
srp_SRS077534,stool
srp_SRS097889,stool
smp_SRS065725,stool
srp_SRS141555,stool
srp_SRS100589,stool
srp_SRS150099,stool
smp_SRS056832,stool
srp_SRS103914,stool
srp_SRS141677,stool
smp_SRS062427,stool
smp_SRS021664,stool
srp_SRS104599,stool
